id,name,model_id:id,group_id:id,perm_read,perm_write,perm_create,perm_unlink
access_rental_room_user,rental.room user,model_rental_room,base.group_user,1,1,1,1
access_meter_reading_user,meter.reading user,model_meter_reading,base.group_user,1,1,1,1
access_room_invoice_user,room.invoice user,model_room_invoice,base.group_user,1,1,1,1
access_room_expense_user,room.expense user,model_room_expense,base.group_user,1,1,1,1
access_room_config_user,room.config user,model_room_config,base.group_user,1,1,1,1
access_room_history_user,room.history user,model_room_history,base.group_user,1,1,1,1
access_room_deposit_user,room.deposit user,model_room_deposit,base.group_user,1,1,1,1
access_room_issue_user,room.issue user,model_room_issue,base.group_user,1,1,1,1
access_room_telegram_update_admin,room.telegram.update admin read,model_room_telegram_update,base.group_system,1,0,0,0
access_room_monthly_summary_user,room.monthly.summary user,model_room_monthly_summary,base.group_user,1,1,1,1
access_room_telegram_session_admin,room.telegram.session admin read,model_room_telegram_session,base.group_system,1,0,0,0
access_room_telegram_reminder_admin,room.telegram.reminder admin read,model_room_telegram_reminder,base.group_system,1,0,0,0
